task_id,qtype,prediction,generation_mode,cache_key,val_flags,val_ok,val_word_count,val_n_pred_numbers,val_n_untraceable_numbers,val_n_derived_numbers,val_n_quotes,val_n_unverbatim_quotes,val_untraceable,val_unverbatim,multifinben_default_p,multifinben_default_r,multifinben_default_f1,finmmeval_multiscript_p,finmmeval_multiscript_r,finmmeval_multiscript_f1
HON_20200501,Revenue,"- Answer: Honeywell reported total revenue of $8,463 million for March 31, 2020, down from $8,884 million in March 31, 2019. Year-over-year revenue decreased by 5%, primarily driven by supply chain disruptions and lower demand in aerospace and oil & gas sectors. 
- News Evidence: English news: ""Honeywellsales for the first quarter were down 5% on a reported basis and down 4% organically."" Chinese news: ""霍尼韦尔第一季度销售额84.63亿美元，同比下滑5%.""",grouped,2126e8032655970d0b519da9ae4aa882d67303bfb33feedc81689f6efde41ad9,unverbatim_quotes,False,66,8,0,0,2,1,,Honeywellsales for the first quarter were down 5% on a repor,0.5072463768115942,0.20588235294117646,0.2928870292887029,0.6091954022988506,0.2896174863387978,0.3925925925925926
HON_20200501,BalanceSheet,"- Answer: Total current assets were $22,613 million (March 31, 2020) and $24,303 million (December 31, 2019). Liabilities-to-equity ratio was 3.17 (March 31, 2020) and 3.12 (December 31, 2019). 
- News Evidence: None",grouped,2126e8032655970d0b519da9ae4aa882d67303bfb33feedc81689f6efde41ad9,,True,33,7,0,2,0,0,,,0.4594594594594595,0.25,0.3238095238095238,0.4594594594594595,0.13709677419354838,0.21118012422360244
HON_20200501,CashFlow,"- Answer: Operating cash flow was $939 million (2020) vs. $1,134 million (2019). Investing cash flow was $350 million (2020) vs. ($609) million (2019). Financing cash flow was ($2,446) million (2020) vs. ($1,235) million (2019), driven by higher share repurchases. 
- News Evidence: English news: ""Repurchases of common stock (1,923) compared to (750) in 2019.""",grouped,2126e8032655970d0b519da9ae4aa882d67303bfb33feedc81689f6efde41ad9,unverbatim_quotes,False,55,10,0,0,1,1,,"Repurchases of common stock (1,923) compared to (750) in 201",0.5087719298245614,0.24786324786324787,0.3333333333333333,0.5087719298245614,0.24786324786324787,0.3333333333333333
HON_20200501,RnD,"- Answer: R&D ratio is not reported in the income statement. 
- News Evidence: None",grouped,2126e8032655970d0b519da9ae4aa882d67303bfb33feedc81689f6efde41ad9,,True,15,0,0,0,0,0,,,0.2857142857142857,0.8,0.4210526315789473,0.2857142857142857,0.8,0.4210526315789473
HON_20200724,Revenue,"- Answer: Honeywell’s revenue for the second quarter of 2020 was $7,477 million, down from $9,243 million in the prior-year period, a 19% decline. The main driver was the impact of the pandemic and reduced aerospace demand. 
- News Evidence: English news: ""Honeywell sales for the second quarter were down 19% on a reported basis and down 18% on an organic basis."" Spanish news: ""Las ventas de Honeywell entre abril y junio alcanzaron los 7.477 millones de dólares... un 19,1% menos que un año antes.""",grouped,fc9dd8d7ad6a084be3d19c510d92af440948c339f267e0e9d9347b51698427e4,,True,85,7,0,0,2,0,,,0.5274725274725275,0.36923076923076925,0.4343891402714932,0.5168539325842697,0.3108108108108108,0.3881856540084388
HON_20200724,BalanceSheet,"- Answer: Total current assets were $28,321 million (June 30, 2020) vs. $24,303 million (Dec 31, 2019). Liability-to-equity ratio was 4.27 (2020) vs. 3.11 (2019). 
- News Evidence: None.",grouped,fc9dd8d7ad6a084be3d19c510d92af440948c339f267e0e9d9347b51698427e4,,True,29,8,0,2,0,0,,,0.42424242424242425,0.34146341463414637,0.37837837837837834,0.42424242424242425,0.34146341463414637,0.37837837837837834
HON_20200724,CashFlow,"- Answer: Operating cash flow was $2,419 million (vs. $2,812 million in 2019), financing cash flow was $2,741 million (vs. -$3,563 million), reflecting debt issuance and share repurchases. 
- News Evidence: English news: ""We ended the quarter with $15.1 billion of cash and short-term investments...""",grouped,fc9dd8d7ad6a084be3d19c510d92af440948c339f267e0e9d9347b51698427e4,,True,45,6,0,0,1,0,,,0.6326530612244898,0.23308270676691728,0.34065934065934067,0.6326530612244898,0.23846153846153847,0.34636871508379885
HON_20200724,RnD,"- Answer: R&D is not reported in the financial statements. 
- News Evidence: None.",grouped,fc9dd8d7ad6a084be3d19c510d92af440948c339f267e0e9d9347b51698427e4,,True,14,0,0,0,0,0,,,0.3076923076923077,0.8,0.4444444444444444,0.3076923076923077,0.8,0.4444444444444444
HON_20201030,Revenue,"Answer: Honeywell's total revenue for the nine months ended September 30, 2020, was $23,737 million compared to $27,213 million for the same period in 2019, reflecting a year-over-year decline of 14%. The main driver was reduced demand across multiple segments due to the economic impact of the pandemic.

News Evidence: English news: ""Honeywell Reports Third-Quarter EPS Of $1.07, Adjusted EPS Of $1.56; Generates Sequential Sales And Segment Profit Growth In All Segments...""",single_fallback,cbcdd60253752a79bc37ae891d57a2b8eaf1685246a7fade11231b1202103c5c,,True,72,8,0,0,1,0,,,0.4125,0.4583333333333333,0.43421052631578944,0.4125,0.336734693877551,0.3707865168539326
HON_20201030,BalanceSheet,"Answer: Total current assets were $28,200 million (September 30, 2020) and $24,303 million (December 31, 2019), reflecting an increase. The liability-to-equity ratio was 3.10 (2020) and 3.09 (2019), showing minimal change.

News Evidence: None",single_fallback,cbcdd60253752a79bc37ae891d57a2b8eaf1685246a7fade11231b1202103c5c,,True,34,8,0,2,0,0,,,0.375,0.2631578947368421,0.30927835051546393,0.375,0.2631578947368421,0.30927835051546393
HON_20201030,CashFlow,"Answer: Operating cash flow decreased to $3,426M (2020) from $4,283M (2019), a notable decline. Financing cash flow shifted from -$2,491M (2019) to $1,972M (2020), driven by debt issuance ($10,105M) and reduced share repurchases. Investing cash flow remained negative but less so (-$410M vs -$122M), due to investment changes. 

News Evidence: English: “...we further enhanced our financial flexibility this quarter by issuing $3 billion of bonds... and repaying in full the $3 billion term loan... Capital deployment remains a focus for us. In the third quarter, we resumed opportunistic share repurchases...”",single_fallback,cbcdd60253752a79bc37ae891d57a2b8eaf1685246a7fade11231b1202103c5c,,True,90,10,0,0,1,0,,,0.30526315789473685,0.3717948717948718,0.3352601156069364,0.30526315789473685,0.3717948717948718,0.3352601156069364
HON_20201030,RnD,"Answer: None  
News Evidence: None",single_fallback,cbcdd60253752a79bc37ae891d57a2b8eaf1685246a7fade11231b1202103c5c,,True,5,0,0,0,0,0,,,1.0,1.0,1.0,1.0,1.0,1.0
HON_20210212,Revenue,"- Answer: Honeywell's total revenue decreased from $36,709 million in 2019 to $32,637 million in 2020, a decline of 11%. The main drivers were lower demand in aerospace and industrial sectors. 
- News Evidence: English news: ""The global smart thermostats market is expected to grow... Honeywell International Inc."" Japanese news: ""第４四半期の売上高は航空宇宙部門が１５％増... 安全・生産性：12.3億ドル（予想：13.2億ドル）.""",grouped,ab64093b61ddb79f46f0791e94f586d562cbdc592c75019dd4bcf7c797c80200,,True,52,9,0,0,2,0,,,0.45454545454545453,0.25,0.3225806451612903,0.3333333333333333,0.1858974358974359,0.2386831275720165
HON_20210212,BalanceSheet,"- Answer: Total current assets: $28,175 million (2020) vs. $24,303 million (2019). Liability-to-equity ratio: 3.62 (2020) vs. 3.13 (2019). 
- News Evidence: None",grouped,ab64093b61ddb79f46f0791e94f586d562cbdc592c75019dd4bcf7c797c80200,,True,23,6,0,2,0,0,,,0.48148148148148145,0.2765957446808511,0.35135135135135137,0.48148148148148145,0.1368421052631579,0.21311475409836067
HON_20210212,CashFlow,"- Answer: Operating cash flow increased to $6,208 million (2020) vs. $6,897 million (2019). Financing cash outflow was $81 million in 2020, up from $6,600 million in 2019. 
- News Evidence: English news: ""our adjusted free cash flow conversion rate... 170%""",grouped,ab64093b61ddb79f46f0791e94f586d562cbdc592c75019dd4bcf7c797c80200,unverbatim_quotes,False,41,7,0,0,1,1,,our adjusted free cash flow conversion rate... 170%,0.21428571428571427,0.23076923076923078,0.22222222222222224,0.21428571428571427,0.10714285714285714,0.14285714285714285
HON_20210212,RnD,"- Answer: R&D is not reported in the income statement provided. 
- News Evidence: None",grouped,ab64093b61ddb79f46f0791e94f586d562cbdc592c75019dd4bcf7c797c80200,,True,15,0,0,0,0,0,,,0.2857142857142857,0.8,0.4210526315789473,0.2857142857142857,0.8,0.4210526315789473
HON_20210423,Revenue,"- Answer: Honeywell reported total revenue of $8,454M for March 31, 2021, vs $8,463M for March 31, 2020, a 0.1% decline. Organic sales growth was -2%. Main driver: weaker aerospace demand offset by growth in building tech and safety solutions. 
- News Evidence: English news: ""Honeywell reported first-quarter sales of $8.5 billion, flat year over year, or a decline of 2% on an organic basis.""",grouped,ccdd0952033221f782553981034b708b286b0ad83876df93c2b6b46ffc09a9fe,unverbatim_quotes,False,65,8,0,1,1,1,,"Honeywell reported first-quarter sales of $8.5 billion, flat",0.3235294117647059,0.5789473684210527,0.4150943396226416,0.3235294117647059,0.5789473684210527,0.4150943396226416
HON_20210423,BalanceSheet,"- Answer: Total current assets: $25,587M (Mar 31, 2021) vs $28,175M (Dec 31, 2020). Liability-to-equity ratio: 45.31 (2021) vs 36.03 (2020). 
- News Evidence: None.",grouped,ccdd0952033221f782553981034b708b286b0ad83876df93c2b6b46ffc09a9fe,,True,25,7,0,2,0,0,,,0.3448275862068966,0.23809523809523808,0.2816901408450704,0.3448275862068966,0.23809523809523808,0.2816901408450704
HON_20210423,CashFlow,"- Answer: Operating cash flow: $978M (2021) vs $939M (2020). Investing cash outflow: $1,304M (2021) vs $350M inflow (2020). Financing outflow: $2,217M (2021) vs $2,446M (2020). Driven by acquisitions and share repurchases. 
- News Evidence: English news: ""we repurchased $0.8 billion in Honeywell shares and made five strategic investments through Honeywell Ventures.""",grouped,ccdd0952033221f782553981034b708b286b0ad83876df93c2b6b46ffc09a9fe,,True,52,9,0,0,1,0,,,0.35185185185185186,0.2638888888888889,0.3015873015873016,0.35185185185185186,0.2638888888888889,0.3015873015873016
HON_20210423,RnD,"- Answer: R&D ratio is not reported in the income statement. 
- News Evidence: None.",grouped,ccdd0952033221f782553981034b708b286b0ad83876df93c2b6b46ffc09a9fe,,True,15,0,0,0,0,0,,,0.5714285714285714,0.3333333333333333,0.4210526315789474,0.5714285714285714,0.3333333333333333,0.4210526315789474
JNJ_20200429,Revenue,"- Answer: Johnson & Johnson reported total revenue of $20,691 million for March 29, 2020, compared to $20,021 million for March 31, 2019, reflecting a 3.3% year-over-year increase. The growth was driven by strong performance in pharmaceuticals, particularly Darzalex and Imbruvica. 
- News Evidence: English news: ""The Janssen Pharmaceutical Companies of Johnson & Johnson announced today the U.S. Food and Drug Administration (FDA) approved DARZALEX FASPRO...""; Chinese news: ""强生第一季度销售额为206.91亿美元...""; Japanese news: ""第1四半期の売上高は前年同期比で3.3％増の206億9000万ドル（約2兆2200億円）""; Spanish news: ""Johnson & Johnson reportó que sus ventas en la división de instrumental médico descendieron...""; Greek news: ""Η Johnson & Johnson κατέγραψε αύξηση πωλήσεων κατά 3,3% το πρώτο τρίμηνο του 2020...""",grouped,fc156ff117d1af6617c250ecfcd726d767f0ee49c820665495800e0d26ea41dd,unverbatim_quotes,False,104,14,0,1,5,2,,第1四半期の売上高は前年同期比で3.3％増の206億9000万ドル（約2兆2200億円）;Johnson & Johnson reportó que sus ventas en la división de i,0.26666666666666666,0.6511627906976745,0.3783783783783784,0.3,0.6617647058823529,0.41284403669724773
JNJ_20200429,BalanceSheet,"- Answer: Total current assets were $44,226 million as of March 29, 2020, down from $45,274 million as of December 29, 2019. The liability-to-equity ratio was 1.53 in 2020 (93,723 ÷ 61,294) and 1.65 in 2019 (98,257 ÷ 59,471). 
- News Evidence: None",grouped,fc156ff117d1af6617c250ecfcd726d767f0ee49c820665495800e0d26ea41dd,,True,43,11,0,2,0,0,,,0.2653061224489796,0.40625,0.32098765432098764,0.2653061224489796,0.40625,0.32098765432098764
JNJ_20200429,CashFlow,"- Answer: Operating cash flow was $3,358 million in Q1 2020 vs $3,543 million in Q1 2019. Financing cash outflow increased to $4,315 million from $5,516 million, primarily due to dividends and share repurchases. Investing cash outflow was $581 million in 2020 vs $1,417 million in 2019. 
- News Evidence: English news: ""Janssen offers comprehensive access and support information, resources and services to assist U.S. patients in gaining access to DARZALEX FASPRO through the Janssen CarePath Program.""",grouped,fc156ff117d1af6617c250ecfcd726d767f0ee49c820665495800e0d26ea41dd,,True,77,9,0,0,1,0,,,0.2222222222222222,0.20930232558139536,0.21556886227544908,0.2222222222222222,0.2222222222222222,0.2222222222222222
JNJ_20200429,RnD,"- Answer: R&D expense was $2,580 million or 12.5% of revenue for Q1 2020. In Q1 2019, R&D expense was $2,858 million or 14.3% of revenue. 
- News Evidence: None",grouped,fc156ff117d1af6617c250ecfcd726d767f0ee49c820665495800e0d26ea41dd,,True,30,7,0,0,0,0,,,0.23529411764705882,0.4,0.29629629629629634,0.23529411764705882,0.4,0.29629629629629634
JNJ_20200724,Revenue,"- Answer: Johnson & Johnson reported total revenue of $39,027 million for the six months ended June 28, 2020, down 3.8% from $40,627 million in the prior-year period. The decline is attributed to reduced elective surgeries due to the pandemic. 
- News Evidence: Spanish news: ""La compañía informó que entre enero y junio, el conglomerado... facturó US$39.027 millones, un 3,8% menos que en el mismo intervalo del año pasado.""",grouped,9560d6602cde38b650d8368b601bda91e2d11505fb48c21aa7e46b38c3078062,untraceable_numbers,False,69,7,2,0,1,0,39027;40627,,0.5866666666666667,0.7857142857142857,0.6717557251908396,0.5753424657534246,0.7636363636363637,0.65625
JNJ_20200724,BalanceSheet,"- Answer: Total current assets were $45,892 million (June 28, 2020) vs $45,274 million (Dec 29, 2019). Liabilities-to-equity ratio was 1.50 vs 1.65. 
- News Evidence: None",grouped,9560d6602cde38b650d8368b601bda91e2d11505fb48c21aa7e46b38c3078062,,True,27,8,0,2,0,0,,,0.41935483870967744,0.5909090909090909,0.4905660377358491,0.41935483870967744,0.5909090909090909,0.4905660377358491
JNJ_20200724,CashFlow,"- Answer: Operating cash flow decreased to $6,810 million (vs $9,491 million prior). Investing used $8,103 million (vs $3,205 million outflow). Financing used $4,672 million (vs $10,050 million outflow). 
- News Evidence: None",grouped,9560d6602cde38b650d8368b601bda91e2d11505fb48c21aa7e46b38c3078062,,True,33,6,0,0,0,0,,,0.43243243243243246,0.2318840579710145,0.3018867924528302,0.43243243243243246,0.2318840579710145,0.3018867924528302
JNJ_20200724,RnD,"- Answer: R&D ratio was 14.8% ($2,707 / $18,336) for the quarter. 
- News Evidence: None",grouped,9560d6602cde38b650d8368b601bda91e2d11505fb48c21aa7e46b38c3078062,,True,16,3,0,0,0,0,,,0.5294117647058824,0.42857142857142855,0.4736842105263158,0.5294117647058824,0.42857142857142855,0.4736842105263158
JNJ_20201023,Revenue,"Answer: Johnson & Johnson reported revenue of $21,082 million for the third quarter of 2020 versus $20,729 million in the same period in 2019, a $353 million increase (1.7% YoY growth). Strong performance in oncology and immunology therapies drove the growth.  
News Evidence: Japanese news: 「特にがん治療薬の『ダラザレックス』『イムブルビカ』および乾癬治療薬の『ステラーラ』の販売が好調だったためとされる。」 Spanish news: 「Destacó el desempeño del medicamento contra el cáncer Darzalex, cuyas ventas experimentaron un incremento del 43,7%.」",grouped,eb9d6c0a37aadf203503ec36dad7cbfc797cf777cc582b312965f4d6e4bf9935,unverbatim_quotes,False,64,7,0,2,2,1,,特にがん治療薬の『ダラザレックス』『イムブルビカ』および乾癬治療薬の『ステラーラ』の販売が好調だったためとされる。,0.38235294117647056,0.37681159420289856,0.3795620437956205,0.21739130434782608,0.373134328358209,0.27472527472527475
JNJ_20201023,BalanceSheet,"Answer: Total current assets were $57,578 million (2020) vs $45,274 million (2019). Liability-to-equity ratio: 1.65 (2020) vs 1.65 (2019).  
News Evidence: None",grouped,eb9d6c0a37aadf203503ec36dad7cbfc797cf777cc582b312965f4d6e4bf9935,,True,22,5,0,1,0,0,,,0.4642857142857143,0.48148148148148145,0.4727272727272727,0.4642857142857143,0.48148148148148145,0.4727272727272727
JNJ_20201023,CashFlow,"Answer: Operating cash flow was $15,193 million (2020) vs $17,018 million (2019), down $1,825 million. Investing cash flow was -$12,922 million (2020) vs -$4,850 million (2019), driven by acquisitions. Financing cash flow was -$476 million (2020) vs -$13,943 million (2019), improved due to lower repurchases.  
News Evidence: None",grouped,eb9d6c0a37aadf203503ec36dad7cbfc797cf777cc582b312965f4d6e4bf9935,untraceable_numbers,False,48,9,1,0,0,0,1825,,0.37037037037037035,0.30303030303030304,0.3333333333333333,0.37037037037037035,0.30303030303030304,0.3333333333333333
JNJ_20201023,RnD,"Answer: R&D ratio: 13.5% (2020) vs 12.5% (2019).  
News Evidence: None",grouped,eb9d6c0a37aadf203503ec36dad7cbfc797cf777cc582b312965f4d6e4bf9935,,True,11,4,0,0,0,0,,,0.5,0.4375,0.4666666666666667,0.5,0.4375,0.4666666666666667
JNJ_20210222,Revenue,"- Answer: Johnson & Johnson's total revenue was $82,584 in 2020 vs. $82,059 in 2019, showing a marginal increase of 0.6%. No major driver was specified in the context for this slight growth. 
- News Evidence: None",grouped,5d37c77488316c873333258762393dc8ff499ddded0e14da84a5c46a22e2a6f3,,True,37,5,0,1,0,0,,,0.3684210526315789,0.3783783783783784,0.37333333333333335,0.3684210526315789,0.3783783783783784,0.37333333333333335
JNJ_20210222,BalanceSheet,"- Answer: Total current assets were $51,237 in 2020 vs. $45,274 in 2019 (↑ $5,963). Liability-to-equity ratio: 1.76 (2020) vs. 1.65 (2019) (↑ 0.11). 
- News Evidence: None",grouped,5d37c77488316c873333258762393dc8ff499ddded0e14da84a5c46a22e2a6f3,untraceable_numbers,False,28,8,1,2,0,0,5963,,0.40625,0.43333333333333335,0.41935483870967744,0.40625,0.43333333333333335,0.41935483870967744
JNJ_20210222,CashFlow,"- Answer: Operating cash flow: $23,536 (2020) vs. $23,416 (2019). Investing cash flow: ($20,825) vs. ($6,194) (↓ $14,631, driven by acquisitions). Financing cash flow: ($6,120) vs. ($18,015) (↑ $11,895, due to lower repurchases and debt issuance). 
- News Evidence: None",grouped,5d37c77488316c873333258762393dc8ff499ddded0e14da84a5c46a22e2a6f3,untraceable_numbers,False,40,10,2,0,0,0,11895;14631,,0.3181818181818182,0.25,0.28,0.3181818181818182,0.25,0.28
JNJ_20210222,RnD,"- Answer: R&D ratio: 14.7% (2020, $12,159 ÷ $82,584) vs. 13.8% (2019, $11,355 ÷ $82,059). 
- News Evidence: Greek news: ""Η εταιρεία Johnson & Johnson έδωσε ιδιαίτερη έμφαση στην Έρευνα και Ανάπτυξη (R&D)...""",grouped,5d37c77488316c873333258762393dc8ff499ddded0e14da84a5c46a22e2a6f3,,True,33,8,0,2,1,0,,,0.4444444444444444,0.7058823529411765,0.5454545454545455,0.3333333333333333,0.48,0.39344262295081966
JNJ_20210430,Revenue,"Answer: Johnson & Johnson reported revenue of $22,321 million in April 2021 versus $20,691 million in March 2020, a 7.9% increase. The primary driver was strong pharmaceutical sales, particularly in oncology and immunology. 
News Evidence: Japanese news: ""同期の売上高は前年同期比で7.9％増加し、223億2000万ドルを記録した。"" Spanish news: ""Durante el primer trimestre, la compañía obtuvo ingresos totales por 22.320 millones de dólares, superando claramente la estimación promedio de analistas, que ascendía a 21.980 millones de dólares.""",grouped,0c0464c6978bf9eb64adfa73d8b982144b7bc65571317d8fdb06e3409bc24e42,,True,68,9,0,0,2,0,,,0.8125,0.5078125,0.625,0.85,0.5862068965517241,0.6938775510204082
JNJ_20210430,BalanceSheet,"Answer: Total current assets: $52,533 million (2021) vs. $51,237 million (2020). Liability-to-equity ratio: 1.62 (2021) vs. 1.76 (2020). 
News Evidence: None",grouped,0c0464c6978bf9eb64adfa73d8b982144b7bc65571317d8fdb06e3409bc24e42,,True,21,6,0,2,0,0,,,0.7777777777777778,0.26582278481012656,0.3962264150943396,0.7777777777777778,0.26582278481012656,0.3962264150943396
JNJ_20210430,CashFlow,"Answer: Operating cash flow: $4,074 million (2021) vs. $3,358 million (2020). Investing cash outflow: $185 million vs. $581 million. Financing cash outflow: $5,125 million vs. $4,315 million. Significant change: higher financing outflow due to share repurchases and dividends. 
News Evidence: None",grouped,0c0464c6978bf9eb64adfa73d8b982144b7bc65571317d8fdb06e3409bc24e42,,True,41,8,0,0,0,0,,,0.08888888888888889,0.8,0.15999999999999998,0.08888888888888889,0.8,0.15999999999999998
JNJ_20210430,RnD,"Answer: R&D ratio: 14.2% of revenue in April 2021 (3,178/22,321) and 12.5% in March 2020. 
News Evidence: None",grouped,0c0464c6978bf9eb64adfa73d8b982144b7bc65571317d8fdb06e3409bc24e42,,True,18,6,0,0,0,0,,,0.9166666666666666,0.41509433962264153,0.5714285714285715,0.9166666666666666,0.41509433962264153,0.5714285714285715
MSFT_20200429,Revenue,"- Answer: Microsoft reported total revenue of $35,021 million in the quarter ended March 31, 2020, compared to $30,571 million in the same period in 2019, a 15% increase. The main driver was strong cloud and Office 365 growth. 
- News Evidence: English news: ""The global cloud computing market size is projected to reach USD 760.98 billion by 2027...""; Chinese news: ""微软第三财季营收达到350亿美元，同比去年的306亿美元增长15%...""; Japanese news: ""3月期の売上高は350億ドルで前年同期比15%増...""; Spanish news: ""Ingresos: 35.000 millones de dólares...""; Greek news: ""τα έσοδα ενισχύθηκαν κατά 4,5 δισεκατομμύρια δολάρια ή 15%...""",grouped,7556554b9519cca4f4b777a41b1d8e2a5ca600d17e80eaf504eebb93efac5d8f,,True,83,14,0,0,5,0,,,0.42857142857142855,0.3829787234042553,0.40449438202247195,0.5769230769230769,0.47468354430379744,0.5208333333333333
MSFT_20200429,BalanceSheet,"- Answer: Total current assets were $170,505 million as of March 31, 2020, compared to $175,552 million as of June 30, 2019. The liability-to-equity ratio was 1.50 in 2020 and 1.80 in 2019. 
- News Evidence: None",grouped,7556554b9519cca4f4b777a41b1d8e2a5ca600d17e80eaf504eebb93efac5d8f,,True,37,8,0,2,0,0,,,0.4634146341463415,0.40425531914893614,0.4318181818181818,0.4634146341463415,0.40425531914893614,0.4318181818181818
MSFT_20200429,CashFlow,"- Answer: Operating cash flow was $17,504 million, up from $13,520 million. Investing cash flow was $51 million, up from $(1,363) million. Financing cash flow was $(14,645) million, down from $(7,601) million. 
- News Evidence: English news: ""Microsoft is expanding remote work products to meet demand...""",grouped,7556554b9519cca4f4b777a41b1d8e2a5ca600d17e80eaf504eebb93efac5d8f,unverbatim_quotes,False,46,6,0,0,1,1,,Microsoft is expanding remote work products to meet demand..,0.3877551020408163,0.3064516129032258,0.3423423423423424,0.3877551020408163,0.3064516129032258,0.3423423423423424
MSFT_20200429,RnD,"- Answer: R&D expense was $4,887 million, with revenue of $35,021 million, resulting in an R&D ratio of 14.0%. 
- News Evidence: None",grouped,7556554b9519cca4f4b777a41b1d8e2a5ca600d17e80eaf504eebb93efac5d8f,,True,23,3,0,1,0,0,,,0.46153846153846156,0.4,0.42857142857142855,0.46153846153846156,0.4,0.42857142857142855
MSFT_20200730,Revenue,"Answer: Microsoft's total revenue for 2020 was $143,015 million vs $125,843 million in 2019, a 13.6% increase. The growth was driven by cloud services, Xbox, and Office 365. 
News Evidence: Japanese news: ""売上高、純利益ともにアナリスト予測...13％増の380億ドル...""
Spanish news: ""La multinacional...facturó 143.015 millones de dólares...un 14 % más que en el ejercicio 2019.""",grouped,cacf5b0f8b4b3fd9656168231022e59dd047a153a05ef68690161da11aea8727,,True,49,10,0,1,2,0,,,0.6379310344827587,0.31896551724137934,0.4252873563218391,0.44155844155844154,0.3119266055045872,0.3655913978494623
MSFT_20200730,BalanceSheet,"Answer: Total current assets: $181,915 million (2020) vs $175,552 million (2019). Liability-to-equity ratio: 1.55 (2020) vs 1.80 (2019). 
News Evidence: None",grouped,cacf5b0f8b4b3fd9656168231022e59dd047a153a05ef68690161da11aea8727,,True,21,6,0,1,0,0,,,0.6296296296296297,0.38636363636363635,0.47887323943661975,0.6296296296296297,0.38636363636363635,0.47887323943661975
MSFT_20200730,CashFlow,"Answer: Operating cash flow: $60,675 million (2020) vs $52,185 million (2019). Investing cash flow: ($12,223) million (2020) vs ($15,773) million (2019). Financing cash flow: ($46,031) million (2020) vs ($36,887) million (2019). 
News Evidence: None",grouped,cacf5b0f8b4b3fd9656168231022e59dd047a153a05ef68690161da11aea8727,,True,34,8,0,0,0,0,,,0.525,0.30434782608695654,0.3853211009174312,0.525,0.30434782608695654,0.3853211009174312
MSFT_20200730,RnD,"Answer: R&D ratio: 13.5% (2020) and 13.4% (2019). 
News Evidence: Greek news: ""αύξηση κατά 14% στις δαπάνες για έρευνα και ανάπτυξη το οικονομικό έτος 2020""",grouped,cacf5b0f8b4b3fd9656168231022e59dd047a153a05ef68690161da11aea8727,,True,25,5,0,2,1,0,,,0.7058823529411765,0.36363636363636365,0.48000000000000004,0.8214285714285714,0.4107142857142857,0.5476190476190476
MSFT_20201027,Revenue,"- Answer: Microsoft's total revenue was $37,154 million in the current period vs. $33,055 million in the prior-year period, a 12.4% increase driven by Azure cloud growth and Teams adoption. 
- News Evidence: English news: ""Microsoft...revenue growth 12% to $37.2 billion...cloud service Azure revenue growth 48%...Teams now has over 115 million daily active users."" Japanese news: ""売上高が市場予想を大きく上回る...Azureの売り上げは48％の伸びを示した."" Spanish news: ""facturó...37.154 millones de dólares...13.893 millones de dólares de beneficios netos.""",grouped,2e75f2268e4901eaeb5bfc3f9664c93d89cd2e1b2be61fa39f9d287046e58e16,unverbatim_quotes,False,69,9,0,3,3,3,,Microsoft...revenue growth 12% to $37.2 billion...cloud serv;売上高が市場予想を大きく上回る...Azureの売り上げは48％の伸びを示した.;facturó...37.154 millones de dólares...13.893 millones de dó,0.5180722891566265,0.3944954128440367,0.4479166666666667,0.5229357798165137,0.2835820895522388,0.36774193548387096
MSFT_20201027,BalanceSheet,"- Answer: Total current assets: $137,977 million (current) vs. $181,915 million (prior). Liabilities-to-equity ratio: 1.43 (current) vs. 1.55 (prior). 
- News Evidence: None",grouped,2e75f2268e4901eaeb5bfc3f9664c93d89cd2e1b2be61fa39f9d287046e58e16,,True,23,4,0,2,0,0,,,0.4444444444444444,0.32432432432432434,0.375,0.4444444444444444,0.32432432432432434,0.375
MSFT_20201027,CashFlow,"- Answer: Operating cash flow: $19,335 million (current) vs. $13,818 million (prior). Investing outflow: ($5,371) million vs. ($1,776). Financing outflow: ($10,289) million vs. ($10,209). 
- News Evidence: None",grouped,2e75f2268e4901eaeb5bfc3f9664c93d89cd2e1b2be61fa39f9d287046e58e16,,True,28,6,0,0,0,0,,,0.71875,0.46,0.5609756097560976,0.71875,0.46,0.5609756097560976
MSFT_20201027,RnD,"- Answer: R&D ratio: 13.3% ($4,926 ÷ $37,154). Prior period: 13.8% ($4,565 ÷ $33,055). 
- News Evidence: None",grouped,2e75f2268e4901eaeb5bfc3f9664c93d89cd2e1b2be61fa39f9d287046e58e16,,True,18,6,0,2,0,0,,,0.42857142857142855,0.6,0.5,0.42857142857142855,0.6,0.5
MSFT_20210126,Revenue,"- Answer: Microsoft reported total revenue of $43,076 million for the three months ended December 31, 2020, compared to $36,906 million for the same period in 2019, representing a 17% year-over-year increase. The growth was driven by strong performance in cloud services and gaming.
- News Evidence: English news: ""Microsoft Corp. announced its fiscal year 2021 second-quarter financial results [...] the company's intelligent cloud and intelligent edge solutions."" Chinese news: ""微软该季度营收为431亿美元，与去年同期的369亿美元相比增长17%.""",grouped,97308b42b77d8cb4c2abb0f0346ad37be0312dc2d4eeb8e238b96633623bdc19,unverbatim_quotes,False,71,9,0,0,2,1,,Microsoft Corp. announced its fiscal year 2021 second-quarte,0.47368421052631576,0.3050847457627119,0.3711340206185567,0.6,0.26785714285714285,0.37037037037037035
MSFT_20210126,BalanceSheet,"- Answer: Total current assets were $173,973 million as of December 31, 2020, compared to $181,915 million as of June 30, 2020. The liability-to-equity ratio was 1.34 as of December 31, 2020, compared to 1.55 as of June 30, 2020.
- News Evidence: None.",grouped,97308b42b77d8cb4c2abb0f0346ad37be0312dc2d4eeb8e238b96633623bdc19,,True,44,7,0,2,0,0,,,0.5833333333333334,0.509090909090909,0.5436893203883495,0.5833333333333334,0.509090909090909,0.5436893203883495
MSFT_20210126,CashFlow,"- Answer: Net cash from operations was $12,516 million for the three months ended December 31, 2020, compared to $10,680 million for the same period in 2019. Net cash used in financing was $13,634 million, compared to $8,915 million. Net cash used in investing was $1,669 million, compared to $6,036 million, showing a significant decrease in outflow due to lower investment activity.
- News Evidence: None.",grouped,97308b42b77d8cb4c2abb0f0346ad37be0312dc2d4eeb8e238b96633623bdc19,,True,66,9,0,0,0,0,,,0.4142857142857143,0.4915254237288136,0.4496124031007752,0.4142857142857143,0.4915254237288136,0.4496124031007752
MSFT_20210126,RnD,"- Answer: The R&D ratio for the three months ended December 31, 2020, was 11.4% ($4,899 ÷ $43,076). For the same period in 2019, it was 12.5% ($4,603 ÷ $36,906).
- News Evidence: None.",grouped,97308b42b77d8cb4c2abb0f0346ad37be0312dc2d4eeb8e238b96633623bdc19,,True,34,9,0,2,0,0,,,0.35135135135135137,0.5416666666666666,0.4262295081967213,0.35135135135135137,0.5416666666666666,0.4262295081967213
MSFT_20210427,Revenue,"Answer: Microsoft reported total revenue of $121,936 million for nine months ended March 31, 2021, vs $104,982 million in the prior-year period, a 16.1% growth driven by cloud and gaming demand. 
News Evidence: English news: ""Global Public Cloud Storage Management Market to Reach $25.1 Billion by 2027...""; Chinese news: ""微软和谷歌发力云基建...""; Japanese news: ""クラウドサービスへの旺盛な需要...""; Spanish news: ""la computación en nube... y los videojuegos...""; Greek news: ""αύξηση 26% στα έσοδα από τα προϊόντα Dynamics και τις υπηρεσίες cloud""",grouped,08b0f7f2302c925a82d9522a5baec084398b8cd1587b11a3735fb2cacb39bb31,unverbatim_quotes,False,76,8,0,1,5,1,,微软和谷歌发力云基建...,0.28169014084507044,0.35714285714285715,0.31496062992125984,0.22330097087378642,0.2804878048780488,0.24864864864864866
MSFT_20210427,BalanceSheet,"Answer: Total current assets decreased to $165,614 million (vs $181,915 million). Liabilities-to-equity ratio: 1.30 (vs 1.55). 
News Evidence: None.",grouped,08b0f7f2302c925a82d9522a5baec084398b8cd1587b11a3735fb2cacb39bb31,,True,19,4,0,1,0,0,,,0.16,0.2,0.17777777777777778,0.16,0.2,0.17777777777777778
MSFT_20210427,CashFlow,"Answer: Operating cash flow $54,030 million vs $42,002 million; financing used $37,115 million vs $33,769 million; investing used $16,724 million vs $7,761 million due to acquisitions and property additions. 
News Evidence: Chinese news: ""微软大手笔投资引人注目...""; English news: ""Microsoft has completed 270 acquisitions...""",grouped,08b0f7f2302c925a82d9522a5baec084398b8cd1587b11a3735fb2cacb39bb31,unverbatim_quotes,False,41,7,0,0,2,1,,Microsoft has completed 270 acquisitions...,0.043478260869565216,0.044444444444444446,0.04395604395604395,0.03508771929824561,0.044444444444444446,0.039215686274509796
MSFT_20210427,RnD,"Answer: R&D ratio: 12.5% ($15,029 million ÷ $121,936 million). 
News Evidence: None.",grouped,08b0f7f2302c925a82d9522a5baec084398b8cd1587b11a3735fb2cacb39bb31,,True,12,3,0,1,0,0,,,0.06666666666666667,0.014705882352941176,0.024096385542168672,0.06666666666666667,0.014705882352941176,0.024096385542168672
UVV_20200528,Revenue,"Answer: Universal Corporation reported revenue of $1,909,979 (2020) vs. $2,227,153 (2019), a $317,174 decrease, -14.24% year-over-year. News mentions revenue decline and pandemic-related shifts to PPE production.  
News Evidence: English news: ""Universal Packaging...has ramped up its inventory...""; Chinese news: ""环球烟草公布财报...营业收入为19.10亿美元，同比下跌14.24%.""",grouped,c54d52965fc79315d1c354158b6d99f30b27a1992b6dfd8af845c7ba2a00c67b,untraceable_numbers,False,39,7,1,0,2,0,317174,,0.28846153846153844,0.35714285714285715,0.3191489361702128,0.4861111111111111,0.3723404255319149,0.4216867469879518
UVV_20200528,BalanceSheet,"Answer: Total current assets: $1,479,617 (2020) vs. $1,588,145 (2019). Liabilities-to-equity ratio: 0.65 (2020) vs. 0.55 (2019).  
News Evidence: None.",grouped,c54d52965fc79315d1c354158b6d99f30b27a1992b6dfd8af845c7ba2a00c67b,,True,19,6,0,2,0,0,,,0.6296296296296297,0.4722222222222222,0.5396825396825397,0.6296296296296297,0.4722222222222222,0.5396825396825397
UVV_20200528,CashFlow,"Answer: Operating cash flow decreased to $10,897 (2020) from $164,522 (2019). Financing cash outflow rose to $94,146 from $65,787 due to stock repurchases and dividends. Investing outflow increased to $106,365.  
News Evidence: None.",grouped,c54d52965fc79315d1c354158b6d99f30b27a1992b6dfd8af845c7ba2a00c67b,,True,33,7,0,0,0,0,,,0.631578947368421,0.4444444444444444,0.5217391304347826,0.631578947368421,0.4444444444444444,0.5217391304347826
UVV_20200528,RnD,"Answer: R&D is not reported in the income statement.  
News Evidence: None.",grouped,c54d52965fc79315d1c354158b6d99f30b27a1992b6dfd8af845c7ba2a00c67b,,True,12,0,0,0,0,0,,,0.6923076923076923,0.5625,0.6206896551724138,0.6923076923076923,0.5625,0.6206896551724138
UVV_20200805,Revenue,"Answer: Revenue for Q1 2021 (ended June 30, 2020) was $315.8 million, up $18.9 million (6%) from $296.9 million in Q1 2020. Growth was driven by higher sales volumes.  
News Evidence: English news: ""Revenues of $315.8 million... increased by $18.9 million or 6% on higher total sales volumes."" Japanese news: ""同期の売上高は前年同期比6.36％増の3億1581万ドル...""",grouped,efe697ea1538bb6e410663d46c42777c7592afff17af52dcc37724c10d1dccf3,,True,51,11,0,1,2,0,,,0.6440677966101694,0.4470588235294118,0.5277777777777777,0.7272727272727273,0.5,0.5925925925925926
UVV_20200805,BalanceSheet,"Answer: Total current assets: $1,462,665 (June 30, 2020) vs. $1,602,058 (June 30, 2019). Liabilities-to-equity ratio: 0.65 (2020) vs. 0.62 (2019).  
News Evidence: None",grouped,efe697ea1538bb6e410663d46c42777c7592afff17af52dcc37724c10d1dccf3,,True,23,7,0,2,0,0,,,0.7096774193548387,0.5116279069767442,0.5945945945945946,0.7096774193548387,0.5116279069767442,0.5945945945945946
UVV_20200805,CashFlow,"Answer: Operating cash flow: $47 (2020) vs. $(116,739) (2019). Financing cash flow: $191 (2020) vs. $(7,582) (2019). Large swings due to tax benefits and debt issuance.  
News Evidence: English news: ""Net cash provided (used) by operating activities... (116,739)."" Spanish news: ""Flujos de caja operativos...""",grouped,efe697ea1538bb6e410663d46c42777c7592afff17af52dcc37724c10d1dccf3,unverbatim_quotes,False,44,6,0,0,2,1,,Flujos de caja operativos...,0.2978723404255319,0.28,0.288659793814433,0.2978723404255319,0.16666666666666666,0.21374045801526717
UVV_20200805,RnD,"Answer: R&D ratio is not reported.  
News Evidence: None",grouped,efe697ea1538bb6e410663d46c42777c7592afff17af52dcc37724c10d1dccf3,,True,9,0,0,0,0,0,,,0.4,0.8,0.5333333333333333,0.4,0.8,0.5333333333333333
UVV_20201105,Revenue,"Answer: Universal Corporation reported revenue of $377,025 for the three months ended September 30, 2020, compared to $475,921 for the same period in 2019, reflecting a 20.8% decline. Japanese news: ""同期の売上高は前年同期比20.8％減の3億7,702万5,000ドル"". Spanish news: ""Los ingresos de los tres meses terminados el 30 de septiembre ascendieron a 377 millones de dólares, frente a los 475,9 millones del año pasado"".",grouped,1a53ca9d14577fa736ad2fab9fa934578c17fa62aec8bc8637b7ef2d9772c6ea,missing_evidence_label,False,58,11,0,0,2,0,,,0.9142857142857143,0.5161290322580645,0.6597938144329898,0.9302325581395349,0.5714285714285714,0.7079646017699114
UVV_20201105,BalanceSheet,"Answer: Total current assets were $1,594,654 as of September 30, 2020, and $1,649,558 as of September 30, 2019. The liability-to-equity ratio was 0.76 (2020) and 0.66 (2019). News Evidence: None.",grouped,1a53ca9d14577fa736ad2fab9fa934578c17fa62aec8bc8637b7ef2d9772c6ea,,True,30,7,0,1,0,0,,,0.5789473684210527,0.5641025641025641,0.5714285714285715,0.5789473684210527,0.5641025641025641,0.5714285714285715
UVV_20201105,CashFlow,"Answer: Operating cash flow decreased to $(149,959) from $(279,819). Financing cash flow increased to $119,578 from $47,702. Greek news: ""Η UVV τήρησε πλήρως τους όρους των δανειακών συμβάσεων..."".",grouped,1a53ca9d14577fa736ad2fab9fa934578c17fa62aec8bc8637b7ef2d9772c6ea,missing_evidence_label,False,28,4,0,0,1,0,,,0.6666666666666666,0.25396825396825395,0.367816091954023,0.5,0.25396825396825395,0.3368421052631579
UVV_20201105,RnD,Answer: None. News Evidence: None.,grouped,1a53ca9d14577fa736ad2fab9fa934578c17fa62aec8bc8637b7ef2d9772c6ea,,True,5,0,0,0,0,0,,,1.0,1.0,1.0,1.0,1.0,1.0
UVV_20210208,Revenue,"Answer: For the nine months ended December 31, 2020, total revenue was $1.3658 billion, compared to $1.2779 billion in the prior-year period, representing a 6.8% increase. Japanese news: ""2021年度の9カ月間（2020年4月～12月）の売上高は13億6,576万7,000米ドルとなり、前年同期（12億7,788万5,000米ドル）と比較して増加した。""",grouped,41a0f3436b39d80369f54981695774376370648ab55c7dfdad4499a03de62800,missing_evidence_label,False,29,14,0,3,1,0,,,0.5319148936170213,0.2604166666666667,0.34965034965034963,0.5862068965517241,0.36428571428571427,0.44933920704845814
UVV_20210208,BalanceSheet,"Answer: Total current assets were $1.6048 billion as of December 31, 2020, compared to $1.5789 billion as of December 31, 2019. The liability-to-equity ratio was 0.82 (Dec 2020) and 0.60 (Dec 2019). News Evidence: None.",grouped,41a0f3436b39d80369f54981695774376370648ab55c7dfdad4499a03de62800,,True,35,7,0,4,0,0,,,0.4878048780487805,0.625,0.547945205479452,0.4878048780487805,0.625,0.547945205479452
UVV_20210208,CashFlow,"Answer: Operating cash flow was $38.623 million (vs -$172.898 million prior year), investing cash flow was -$191.603 million (vs -$18.250 million), and financing cash flow was $145.262 million (vs -$41.767 million). News Evidence: None.",grouped,41a0f3436b39d80369f54981695774376370648ab55c7dfdad4499a03de62800,,True,34,6,0,6,0,0,,,0.575,0.3484848484848485,0.4339622641509434,0.575,0.2875,0.3833333333333333
UVV_20210208,RnD,Answer: R&D ratio is not reported in the income statement. News Evidence: None.,grouped,41a0f3436b39d80369f54981695774376370648ab55c7dfdad4499a03de62800,,True,13,0,0,0,0,0,,,0.2857142857142857,0.8,0.4210526315789473,0.2857142857142857,0.8,0.4210526315789473
